state,forecast_type,period,forecast_value,conf_lower,conf_upper
Uttar Pradesh,short_term,1,29594.880658436214,0.0,352530.8193520853
Uttar Pradesh,short_term,2,29594.880658436214,0.0,352530.8193520853
Uttar Pradesh,short_term,3,29594.880658436214,0.0,352530.8193520853
Uttar Pradesh,short_term,4,29594.880658436214,0.0,352530.8193520853
Uttar Pradesh,short_term,5,29594.880658436214,0.0,352530.8193520853
Uttar Pradesh,short_term,6,29594.880658436214,0.0,352530.8193520853
Uttar Pradesh,short_term,7,29594.880658436214,0.0,352530.8193520853
Uttar Pradesh,short_term,8,29594.880658436214,0.0,352530.8193520853
Uttar Pradesh,short_term,9,29594.880658436214,0.0,352530.8193520853
Uttar Pradesh,short_term,10,29594.880658436214,0.0,352530.8193520853
Uttar Pradesh,short_term,11,29594.880658436214,0.0,352530.8193520853
Uttar Pradesh,short_term,12,29594.880658436214,0.0,352530.8193520853
Uttar Pradesh,short_term,13,29594.880658436214,0.0,352530.8193520853
Uttar Pradesh,short_term,14,29594.880658436214,0.0,352530.8193520853
Uttar Pradesh,short_term,15,29594.880658436214,0.0,352530.8193520853
Uttar Pradesh,short_term,16,29594.880658436214,0.0,352530.8193520853
Uttar Pradesh,short_term,17,29594.880658436214,0.0,352530.8193520853
Uttar Pradesh,short_term,18,29594.880658436214,0.0,352530.8193520853
Uttar Pradesh,short_term,19,29594.880658436214,0.0,352530.8193520853
Uttar Pradesh,short_term,20,29594.880658436214,0.0,352530.8193520853
Uttar Pradesh,short_term,21,29594.880658436214,0.0,352530.8193520853
Uttar Pradesh,short_term,22,29594.880658436214,0.0,352530.8193520853
Uttar Pradesh,short_term,23,29594.880658436214,0.0,352530.8193520853
Uttar Pradesh,short_term,24,29594.880658436214,0.0,352530.8193520853
Uttar Pradesh,short_term,25,29594.880658436214,0.0,352530.8193520853
Uttar Pradesh,short_term,26,29594.880658436214,0.0,352530.8193520853
Uttar Pradesh,short_term,27,29594.880658436214,0.0,352530.8193520853
Uttar Pradesh,short_term,28,29594.880658436214,0.0,352530.8193520853
Uttar Pradesh,short_term,29,29594.880658436214,0.0,352530.8193520853
Uttar Pradesh,short_term,30,29594.880658436214,0.0,352530.8193520853
Uttar Pradesh,short_term,31,29594.880658436214,0.0,352530.8193520853
Uttar Pradesh,short_term,32,29594.880658436214,0.0,352530.8193520853
Uttar Pradesh,short_term,33,29594.880658436214,0.0,352530.8193520853
Uttar Pradesh,short_term,34,29594.880658436214,0.0,352530.8193520853
Uttar Pradesh,short_term,35,29594.880658436214,0.0,352530.8193520853
Uttar Pradesh,short_term,36,29594.880658436214,0.0,352530.8193520853
Uttar Pradesh,short_term,37,29594.880658436214,0.0,352530.8193520853
Uttar Pradesh,short_term,38,29594.880658436214,0.0,352530.8193520853
Uttar Pradesh,short_term,39,29594.880658436214,0.0,352530.8193520853
Uttar Pradesh,short_term,40,29594.880658436214,0.0,352530.8193520853
Uttar Pradesh,short_term,41,29594.880658436214,0.0,352530.8193520853
Uttar Pradesh,short_term,42,29594.880658436214,0.0,352530.8193520853
Uttar Pradesh,short_term,43,29594.880658436214,0.0,352530.8193520853
Uttar Pradesh,short_term,44,29594.880658436214,0.0,352530.8193520853
Uttar Pradesh,short_term,45,29594.880658436214,0.0,352530.8193520853
Uttar Pradesh,short_term,46,29594.880658436214,0.0,352530.8193520853
Uttar Pradesh,short_term,47,29594.880658436214,0.0,352530.8193520853
Uttar Pradesh,short_term,48,29594.880658436214,0.0,352530.8193520853
Uttar Pradesh,short_term,49,29594.880658436214,0.0,352530.8193520853
Uttar Pradesh,short_term,50,29594.880658436214,0.0,352530.8193520853
Uttar Pradesh,short_term,51,29594.880658436214,0.0,352530.8193520853
Uttar Pradesh,short_term,52,29594.880658436214,0.0,352530.8193520853
Uttar Pradesh,short_term,53,29594.880658436214,0.0,352530.8193520853
Uttar Pradesh,short_term,54,29594.880658436214,0.0,352530.8193520853
Uttar Pradesh,short_term,55,29594.880658436214,0.0,352530.8193520853
Uttar Pradesh,short_term,56,29594.880658436214,0.0,352530.8193520853
Uttar Pradesh,short_term,57,29594.880658436214,0.0,352530.8193520853
Uttar Pradesh,short_term,58,29594.880658436214,0.0,352530.8193520853
Uttar Pradesh,short_term,59,29594.880658436214,0.0,352530.8193520853
Uttar Pradesh,short_term,60,29594.880658436214,0.0,352530.8193520853
Uttar Pradesh,short_term,61,29594.880658436214,0.0,352530.8193520853
Maharashtra,short_term,1,27236.654320987655,0.0,308553.9032085447
Maharashtra,short_term,2,27236.654320987655,0.0,308553.9032085447
Maharashtra,short_term,3,27236.654320987655,0.0,308553.9032085447
Maharashtra,short_term,4,27236.654320987655,0.0,308553.9032085447
Maharashtra,short_term,5,27236.654320987655,0.0,308553.9032085447
Maharashtra,short_term,6,27236.654320987655,0.0,308553.9032085447
Maharashtra,short_term,7,27236.654320987655,0.0,308553.9032085447
Maharashtra,short_term,8,27236.654320987655,0.0,308553.9032085447
Maharashtra,short_term,9,27236.654320987655,0.0,308553.9032085447
Maharashtra,short_term,10,27236.654320987655,0.0,308553.9032085447
Maharashtra,short_term,11,27236.654320987655,0.0,308553.9032085447
Maharashtra,short_term,12,27236.654320987655,0.0,308553.9032085447
Maharashtra,short_term,13,27236.654320987655,0.0,308553.9032085447
Maharashtra,short_term,14,27236.654320987655,0.0,308553.9032085447
Maharashtra,short_term,15,27236.654320987655,0.0,308553.9032085447
Maharashtra,short_term,16,27236.654320987655,0.0,308553.9032085447
Maharashtra,short_term,17,27236.654320987655,0.0,308553.9032085447
Maharashtra,short_term,18,27236.654320987655,0.0,308553.9032085447
Maharashtra,short_term,19,27236.654320987655,0.0,308553.9032085447
Maharashtra,short_term,20,27236.654320987655,0.0,308553.9032085447
Maharashtra,short_term,21,27236.654320987655,0.0,308553.9032085447
Maharashtra,short_term,22,27236.654320987655,0.0,308553.9032085447
Maharashtra,short_term,23,27236.654320987655,0.0,308553.9032085447
Maharashtra,short_term,24,27236.654320987655,0.0,308553.9032085447
Maharashtra,short_term,25,27236.654320987655,0.0,308553.9032085447
Maharashtra,short_term,26,27236.654320987655,0.0,308553.9032085447
Maharashtra,short_term,27,27236.654320987655,0.0,308553.9032085447
Maharashtra,short_term,28,27236.654320987655,0.0,308553.9032085447
Maharashtra,short_term,29,27236.654320987655,0.0,308553.9032085447
Maharashtra,short_term,30,27236.654320987655,0.0,308553.9032085447
Maharashtra,short_term,31,27236.654320987655,0.0,308553.9032085447
Maharashtra,short_term,32,27236.654320987655,0.0,308553.9032085447
Maharashtra,short_term,33,27236.654320987655,0.0,308553.9032085447
Maharashtra,short_term,34,27236.654320987655,0.0,308553.9032085447
Maharashtra,short_term,35,27236.654320987655,0.0,308553.9032085447
Maharashtra,short_term,36,27236.654320987655,0.0,308553.9032085447
Maharashtra,short_term,37,27236.654320987655,0.0,308553.9032085447
Maharashtra,short_term,38,27236.654320987655,0.0,308553.9032085447
Maharashtra,short_term,39,27236.654320987655,0.0,308553.9032085447
Maharashtra,short_term,40,27236.654320987655,0.0,308553.9032085447
Maharashtra,short_term,41,27236.654320987655,0.0,308553.9032085447
Maharashtra,short_term,42,27236.654320987655,0.0,308553.9032085447
Maharashtra,short_term,43,27236.654320987655,0.0,308553.9032085447
Maharashtra,short_term,44,27236.654320987655,0.0,308553.9032085447
Maharashtra,short_term,45,27236.654320987655,0.0,308553.9032085447
Maharashtra,short_term,46,27236.654320987655,0.0,308553.9032085447
Maharashtra,short_term,47,27236.654320987655,0.0,308553.9032085447
Maharashtra,short_term,48,27236.654320987655,0.0,308553.9032085447
Maharashtra,short_term,49,27236.654320987655,0.0,308553.9032085447
Maharashtra,short_term,50,27236.654320987655,0.0,308553.9032085447
Maharashtra,short_term,51,27236.654320987655,0.0,308553.9032085447
Maharashtra,short_term,52,27236.654320987655,0.0,308553.9032085447
Maharashtra,short_term,53,27236.654320987655,0.0,308553.9032085447
Maharashtra,short_term,54,27236.654320987655,0.0,308553.9032085447
Maharashtra,short_term,55,27236.654320987655,0.0,308553.9032085447
Maharashtra,short_term,56,27236.654320987655,0.0,308553.9032085447
Maharashtra,short_term,57,27236.654320987655,0.0,308553.9032085447
Maharashtra,short_term,58,27236.654320987655,0.0,308553.9032085447
Maharashtra,short_term,59,27236.654320987655,0.0,308553.9032085447
Maharashtra,short_term,60,27236.654320987655,0.0,308553.9032085447
Maharashtra,short_term,61,27236.654320987655,0.0,308553.9032085447
Madhya Pradesh,short_term,1,19791.604938271605,0.0,253883.60857992884
Madhya Pradesh,short_term,2,19791.604938271605,0.0,253883.60857992884
Madhya Pradesh,short_term,3,19791.604938271605,0.0,253883.60857992884
Madhya Pradesh,short_term,4,19791.604938271605,0.0,253883.60857992884
Madhya Pradesh,short_term,5,19791.604938271605,0.0,253883.60857992884
Madhya Pradesh,short_term,6,19791.604938271605,0.0,253883.60857992884
Madhya Pradesh,short_term,7,19791.604938271605,0.0,253883.60857992884
Madhya Pradesh,short_term,8,19791.604938271605,0.0,253883.60857992884
Madhya Pradesh,short_term,9,19791.604938271605,0.0,253883.60857992884
Madhya Pradesh,short_term,10,19791.604938271605,0.0,253883.60857992884
Madhya Pradesh,short_term,11,19791.604938271605,0.0,253883.60857992884
Madhya Pradesh,short_term,12,19791.604938271605,0.0,253883.60857992884
Madhya Pradesh,short_term,13,19791.604938271605,0.0,253883.60857992884
Madhya Pradesh,short_term,14,19791.604938271605,0.0,253883.60857992884
Madhya Pradesh,short_term,15,19791.604938271605,0.0,253883.60857992884
Madhya Pradesh,short_term,16,19791.604938271605,0.0,253883.60857992884
Madhya Pradesh,short_term,17,19791.604938271605,0.0,253883.60857992884
Madhya Pradesh,short_term,18,19791.604938271605,0.0,253883.60857992884
Madhya Pradesh,short_term,19,19791.604938271605,0.0,253883.60857992884
Madhya Pradesh,short_term,20,19791.604938271605,0.0,253883.60857992884
Madhya Pradesh,short_term,21,19791.604938271605,0.0,253883.60857992884
Madhya Pradesh,short_term,22,19791.604938271605,0.0,253883.60857992884
Madhya Pradesh,short_term,23,19791.604938271605,0.0,253883.60857992884
Madhya Pradesh,short_term,24,19791.604938271605,0.0,253883.60857992884
Madhya Pradesh,short_term,25,19791.604938271605,0.0,253883.60857992884
Madhya Pradesh,short_term,26,19791.604938271605,0.0,253883.60857992884
Madhya Pradesh,short_term,27,19791.604938271605,0.0,253883.60857992884
Madhya Pradesh,short_term,28,19791.604938271605,0.0,253883.60857992884
Madhya Pradesh,short_term,29,19791.604938271605,0.0,253883.60857992884
Madhya Pradesh,short_term,30,19791.604938271605,0.0,253883.60857992884
Madhya Pradesh,short_term,31,19791.604938271605,0.0,253883.60857992884
Madhya Pradesh,short_term,32,19791.604938271605,0.0,253883.60857992884
Madhya Pradesh,short_term,33,19791.604938271605,0.0,253883.60857992884
Madhya Pradesh,short_term,34,19791.604938271605,0.0,253883.60857992884
Madhya Pradesh,short_term,35,19791.604938271605,0.0,253883.60857992884
Madhya Pradesh,short_term,36,19791.604938271605,0.0,253883.60857992884
Madhya Pradesh,short_term,37,19791.604938271605,0.0,253883.60857992884
Madhya Pradesh,short_term,38,19791.604938271605,0.0,253883.60857992884
Madhya Pradesh,short_term,39,19791.604938271605,0.0,253883.60857992884
Madhya Pradesh,short_term,40,19791.604938271605,0.0,253883.60857992884
Madhya Pradesh,short_term,41,19791.604938271605,0.0,253883.60857992884
Madhya Pradesh,short_term,42,19791.604938271605,0.0,253883.60857992884
Madhya Pradesh,short_term,43,19791.604938271605,0.0,253883.60857992884
Madhya Pradesh,short_term,44,19791.604938271605,0.0,253883.60857992884
Madhya Pradesh,short_term,45,19791.604938271605,0.0,253883.60857992884
Madhya Pradesh,short_term,46,19791.604938271605,0.0,253883.60857992884
Madhya Pradesh,short_term,47,19791.604938271605,0.0,253883.60857992884
Madhya Pradesh,short_term,48,19791.604938271605,0.0,253883.60857992884
Madhya Pradesh,short_term,49,19791.604938271605,0.0,253883.60857992884
Madhya Pradesh,short_term,50,19791.604938271605,0.0,253883.60857992884
Madhya Pradesh,short_term,51,19791.604938271605,0.0,253883.60857992884
Madhya Pradesh,short_term,52,19791.604938271605,0.0,253883.60857992884
Madhya Pradesh,short_term,53,19791.604938271605,0.0,253883.60857992884
Madhya Pradesh,short_term,54,19791.604938271605,0.0,253883.60857992884
Madhya Pradesh,short_term,55,19791.604938271605,0.0,253883.60857992884
Madhya Pradesh,short_term,56,19791.604938271605,0.0,253883.60857992884
Madhya Pradesh,short_term,57,19791.604938271605,0.0,253883.60857992884
Madhya Pradesh,short_term,58,19791.604938271605,0.0,253883.60857992884
Madhya Pradesh,short_term,59,19791.604938271605,0.0,253883.60857992884
Madhya Pradesh,short_term,60,19791.604938271605,0.0,253883.60857992884
Madhya Pradesh,short_term,61,19791.604938271605,0.0,253883.60857992884
Bihar,short_term,1,15581.942386831277,0.0,197063.4388223763
Bihar,short_term,2,15581.942386831277,0.0,197063.4388223763
Bihar,short_term,3,15581.942386831277,0.0,197063.4388223763
Bihar,short_term,4,15581.942386831277,0.0,197063.4388223763
Bihar,short_term,5,15581.942386831277,0.0,197063.4388223763
Bihar,short_term,6,15581.942386831277,0.0,197063.4388223763
Bihar,short_term,7,15581.942386831277,0.0,197063.4388223763
Bihar,short_term,8,15581.942386831277,0.0,197063.4388223763
Bihar,short_term,9,15581.942386831277,0.0,197063.4388223763
Bihar,short_term,10,15581.942386831277,0.0,197063.4388223763
Bihar,short_term,11,15581.942386831277,0.0,197063.4388223763
Bihar,short_term,12,15581.942386831277,0.0,197063.4388223763
Bihar,short_term,13,15581.942386831277,0.0,197063.4388223763
Bihar,short_term,14,15581.942386831277,0.0,197063.4388223763
Bihar,short_term,15,15581.942386831277,0.0,197063.4388223763
Bihar,short_term,16,15581.942386831277,0.0,197063.4388223763
Bihar,short_term,17,15581.942386831277,0.0,197063.4388223763
Bihar,short_term,18,15581.942386831277,0.0,197063.4388223763
Bihar,short_term,19,15581.942386831277,0.0,197063.4388223763
Bihar,short_term,20,15581.942386831277,0.0,197063.4388223763
Bihar,short_term,21,15581.942386831277,0.0,197063.4388223763
Bihar,short_term,22,15581.942386831277,0.0,197063.4388223763
Bihar,short_term,23,15581.942386831277,0.0,197063.4388223763
Bihar,short_term,24,15581.942386831277,0.0,197063.4388223763
Bihar,short_term,25,15581.942386831277,0.0,197063.4388223763
Bihar,short_term,26,15581.942386831277,0.0,197063.4388223763
Bihar,short_term,27,15581.942386831277,0.0,197063.4388223763
Bihar,short_term,28,15581.942386831277,0.0,197063.4388223763
Bihar,short_term,29,15581.942386831277,0.0,197063.4388223763
Bihar,short_term,30,15581.942386831277,0.0,197063.4388223763
Bihar,short_term,31,15581.942386831277,0.0,197063.4388223763
Bihar,short_term,32,15581.942386831277,0.0,197063.4388223763
Bihar,short_term,33,15581.942386831277,0.0,197063.4388223763
Bihar,short_term,34,15581.942386831277,0.0,197063.4388223763
Bihar,short_term,35,15581.942386831277,0.0,197063.4388223763
Bihar,short_term,36,15581.942386831277,0.0,197063.4388223763
Bihar,short_term,37,15581.942386831277,0.0,197063.4388223763
Bihar,short_term,38,15581.942386831277,0.0,197063.4388223763
Bihar,short_term,39,15581.942386831277,0.0,197063.4388223763
Bihar,short_term,40,15581.942386831277,0.0,197063.4388223763
Bihar,short_term,41,15581.942386831277,0.0,197063.4388223763
Bihar,short_term,42,15581.942386831277,0.0,197063.4388223763
Bihar,short_term,43,15581.942386831277,0.0,197063.4388223763
Bihar,short_term,44,15581.942386831277,0.0,197063.4388223763
Bihar,short_term,45,15581.942386831277,0.0,197063.4388223763
Bihar,short_term,46,15581.942386831277,0.0,197063.4388223763
Bihar,short_term,47,15581.942386831277,0.0,197063.4388223763
Bihar,short_term,48,15581.942386831277,0.0,197063.4388223763
Bihar,short_term,49,15581.942386831277,0.0,197063.4388223763
Bihar,short_term,50,15581.942386831277,0.0,197063.4388223763
Bihar,short_term,51,15581.942386831277,0.0,197063.4388223763
Bihar,short_term,52,15581.942386831277,0.0,197063.4388223763
Bihar,short_term,53,15581.942386831277,0.0,197063.4388223763
Bihar,short_term,54,15581.942386831277,0.0,197063.4388223763
Bihar,short_term,55,15581.942386831277,0.0,197063.4388223763
Bihar,short_term,56,15581.942386831277,0.0,197063.4388223763
Bihar,short_term,57,15581.942386831277,0.0,197063.4388223763
Bihar,short_term,58,15581.942386831277,0.0,197063.4388223763
Bihar,short_term,59,15581.942386831277,0.0,197063.4388223763
Bihar,short_term,60,15581.942386831277,0.0,197063.4388223763
Bihar,short_term,61,15581.942386831277,0.0,197063.4388223763
Tamil Nadu,short_term,1,13677.506172839507,0.0,166791.88091722
Tamil Nadu,short_term,2,13677.506172839507,0.0,166791.88091722
Tamil Nadu,short_term,3,13677.506172839507,0.0,166791.88091722
Tamil Nadu,short_term,4,13677.506172839507,0.0,166791.88091722
Tamil Nadu,short_term,5,13677.506172839507,0.0,166791.88091722
Tamil Nadu,short_term,6,13677.506172839507,0.0,166791.88091722
Tamil Nadu,short_term,7,13677.506172839507,0.0,166791.88091722
Tamil Nadu,short_term,8,13677.506172839507,0.0,166791.88091722
Tamil Nadu,short_term,9,13677.506172839507,0.0,166791.88091722
Tamil Nadu,short_term,10,13677.506172839507,0.0,166791.88091722
Tamil Nadu,short_term,11,13677.506172839507,0.0,166791.88091722
Tamil Nadu,short_term,12,13677.506172839507,0.0,166791.88091722
Tamil Nadu,short_term,13,13677.506172839507,0.0,166791.88091722
Tamil Nadu,short_term,14,13677.506172839507,0.0,166791.88091722
Tamil Nadu,short_term,15,13677.506172839507,0.0,166791.88091722
Tamil Nadu,short_term,16,13677.506172839507,0.0,166791.88091722
Tamil Nadu,short_term,17,13677.506172839507,0.0,166791.88091722
Tamil Nadu,short_term,18,13677.506172839507,0.0,166791.88091722
Tamil Nadu,short_term,19,13677.506172839507,0.0,166791.88091722
Tamil Nadu,short_term,20,13677.506172839507,0.0,166791.88091722
Tamil Nadu,short_term,21,13677.506172839507,0.0,166791.88091722
Tamil Nadu,short_term,22,13677.506172839507,0.0,166791.88091722
Tamil Nadu,short_term,23,13677.506172839507,0.0,166791.88091722
Tamil Nadu,short_term,24,13677.506172839507,0.0,166791.88091722
Tamil Nadu,short_term,25,13677.506172839507,0.0,166791.88091722
Tamil Nadu,short_term,26,13677.506172839507,0.0,166791.88091722
Tamil Nadu,short_term,27,13677.506172839507,0.0,166791.88091722
Tamil Nadu,short_term,28,13677.506172839507,0.0,166791.88091722
Tamil Nadu,short_term,29,13677.506172839507,0.0,166791.88091722
Tamil Nadu,short_term,30,13677.506172839507,0.0,166791.88091722
Tamil Nadu,short_term,31,13677.506172839507,0.0,166791.88091722
Tamil Nadu,short_term,32,13677.506172839507,0.0,166791.88091722
Tamil Nadu,short_term,33,13677.506172839507,0.0,166791.88091722
Tamil Nadu,short_term,34,13677.506172839507,0.0,166791.88091722
Tamil Nadu,short_term,35,13677.506172839507,0.0,166791.88091722
Tamil Nadu,short_term,36,13677.506172839507,0.0,166791.88091722
Tamil Nadu,short_term,37,13677.506172839507,0.0,166791.88091722
Tamil Nadu,short_term,38,13677.506172839507,0.0,166791.88091722
Tamil Nadu,short_term,39,13677.506172839507,0.0,166791.88091722
Tamil Nadu,short_term,40,13677.506172839507,0.0,166791.88091722
Tamil Nadu,short_term,41,13677.506172839507,0.0,166791.88091722
Tamil Nadu,short_term,42,13677.506172839507,0.0,166791.88091722
Tamil Nadu,short_term,43,13677.506172839507,0.0,166791.88091722
Tamil Nadu,short_term,44,13677.506172839507,0.0,166791.88091722
Tamil Nadu,short_term,45,13677.506172839507,0.0,166791.88091722
Tamil Nadu,short_term,46,13677.506172839507,0.0,166791.88091722
Tamil Nadu,short_term,47,13677.506172839507,0.0,166791.88091722
Tamil Nadu,short_term,48,13677.506172839507,0.0,166791.88091722
Tamil Nadu,short_term,49,13677.506172839507,0.0,166791.88091722
Tamil Nadu,short_term,50,13677.506172839507,0.0,166791.88091722
Tamil Nadu,short_term,51,13677.506172839507,0.0,166791.88091722
Tamil Nadu,short_term,52,13677.506172839507,0.0,166791.88091722
Tamil Nadu,short_term,53,13677.506172839507,0.0,166791.88091722
Tamil Nadu,short_term,54,13677.506172839507,0.0,166791.88091722
Tamil Nadu,short_term,55,13677.506172839507,0.0,166791.88091722
Tamil Nadu,short_term,56,13677.506172839507,0.0,166791.88091722
Tamil Nadu,short_term,57,13677.506172839507,0.0,166791.88091722
Tamil Nadu,short_term,58,13677.506172839507,0.0,166791.88091722
Tamil Nadu,short_term,59,13677.506172839507,0.0,166791.88091722
Tamil Nadu,short_term,60,13677.506172839507,0.0,166791.88091722
Tamil Nadu,short_term,61,13677.506172839507,0.0,166791.88091722
Rajasthan,short_term,1,12383.04938271605,0.0,139146.98178892373
Rajasthan,short_term,2,12383.04938271605,0.0,139146.98178892373
Rajasthan,short_term,3,12383.04938271605,0.0,139146.98178892373
Rajasthan,short_term,4,12383.04938271605,0.0,139146.98178892373
Rajasthan,short_term,5,12383.04938271605,0.0,139146.98178892373
Rajasthan,short_term,6,12383.04938271605,0.0,139146.98178892373
Rajasthan,short_term,7,12383.04938271605,0.0,139146.98178892373
Rajasthan,short_term,8,12383.04938271605,0.0,139146.98178892373
Rajasthan,short_term,9,12383.04938271605,0.0,139146.98178892373
Rajasthan,short_term,10,12383.04938271605,0.0,139146.98178892373
Rajasthan,short_term,11,12383.04938271605,0.0,139146.98178892373
Rajasthan,short_term,12,12383.04938271605,0.0,139146.98178892373
Rajasthan,short_term,13,12383.04938271605,0.0,139146.98178892373
Rajasthan,short_term,14,12383.04938271605,0.0,139146.98178892373
Rajasthan,short_term,15,12383.04938271605,0.0,139146.98178892373
Rajasthan,short_term,16,12383.04938271605,0.0,139146.98178892373
Rajasthan,short_term,17,12383.04938271605,0.0,139146.98178892373
Rajasthan,short_term,18,12383.04938271605,0.0,139146.98178892373
Rajasthan,short_term,19,12383.04938271605,0.0,139146.98178892373
Rajasthan,short_term,20,12383.04938271605,0.0,139146.98178892373
Rajasthan,short_term,21,12383.04938271605,0.0,139146.98178892373
Rajasthan,short_term,22,12383.04938271605,0.0,139146.98178892373
Rajasthan,short_term,23,12383.04938271605,0.0,139146.98178892373
Rajasthan,short_term,24,12383.04938271605,0.0,139146.98178892373
Rajasthan,short_term,25,12383.04938271605,0.0,139146.98178892373
Rajasthan,short_term,26,12383.04938271605,0.0,139146.98178892373
Rajasthan,short_term,27,12383.04938271605,0.0,139146.98178892373
Rajasthan,short_term,28,12383.04938271605,0.0,139146.98178892373
Rajasthan,short_term,29,12383.04938271605,0.0,139146.98178892373
Rajasthan,short_term,30,12383.04938271605,0.0,139146.98178892373
Rajasthan,short_term,31,12383.04938271605,0.0,139146.98178892373
Rajasthan,short_term,32,12383.04938271605,0.0,139146.98178892373
Rajasthan,short_term,33,12383.04938271605,0.0,139146.98178892373
Rajasthan,short_term,34,12383.04938271605,0.0,139146.98178892373
Rajasthan,short_term,35,12383.04938271605,0.0,139146.98178892373
Rajasthan,short_term,36,12383.04938271605,0.0,139146.98178892373
Rajasthan,short_term,37,12383.04938271605,0.0,139146.98178892373
Rajasthan,short_term,38,12383.04938271605,0.0,139146.98178892373
Rajasthan,short_term,39,12383.04938271605,0.0,139146.98178892373
Rajasthan,short_term,40,12383.04938271605,0.0,139146.98178892373
Rajasthan,short_term,41,12383.04938271605,0.0,139146.98178892373
Rajasthan,short_term,42,12383.04938271605,0.0,139146.98178892373
Rajasthan,short_term,43,12383.04938271605,0.0,139146.98178892373
Rajasthan,short_term,44,12383.04938271605,0.0,139146.98178892373
Rajasthan,short_term,45,12383.04938271605,0.0,139146.98178892373
Rajasthan,short_term,46,12383.04938271605,0.0,139146.98178892373
Rajasthan,short_term,47,12383.04938271605,0.0,139146.98178892373
Rajasthan,short_term,48,12383.04938271605,0.0,139146.98178892373
Rajasthan,short_term,49,12383.04938271605,0.0,139146.98178892373
Rajasthan,short_term,50,12383.04938271605,0.0,139146.98178892373
Rajasthan,short_term,51,12383.04938271605,0.0,139146.98178892373
Rajasthan,short_term,52,12383.04938271605,0.0,139146.98178892373
Rajasthan,short_term,53,12383.04938271605,0.0,139146.98178892373
Rajasthan,short_term,54,12383.04938271605,0.0,139146.98178892373
Rajasthan,short_term,55,12383.04938271605,0.0,139146.98178892373
Rajasthan,short_term,56,12383.04938271605,0.0,139146.98178892373
Rajasthan,short_term,57,12383.04938271605,0.0,139146.98178892373
Rajasthan,short_term,58,12383.04938271605,0.0,139146.98178892373
Rajasthan,short_term,59,12383.04938271605,0.0,139146.98178892373
Rajasthan,short_term,60,12383.04938271605,0.0,139146.98178892373
Rajasthan,short_term,61,12383.04938271605,0.0,139146.98178892373
Andhra Pradesh,short_term,1,11631.41975308642,0.0,145354.60821668833
Andhra Pradesh,short_term,2,11631.41975308642,0.0,145354.60821668833
Andhra Pradesh,short_term,3,11631.41975308642,0.0,145354.60821668833
Andhra Pradesh,short_term,4,11631.41975308642,0.0,145354.60821668833
Andhra Pradesh,short_term,5,11631.41975308642,0.0,145354.60821668833
Andhra Pradesh,short_term,6,11631.41975308642,0.0,145354.60821668833
Andhra Pradesh,short_term,7,11631.41975308642,0.0,145354.60821668833
Andhra Pradesh,short_term,8,11631.41975308642,0.0,145354.60821668833
Andhra Pradesh,short_term,9,11631.41975308642,0.0,145354.60821668833
Andhra Pradesh,short_term,10,11631.41975308642,0.0,145354.60821668833
Andhra Pradesh,short_term,11,11631.41975308642,0.0,145354.60821668833
Andhra Pradesh,short_term,12,11631.41975308642,0.0,145354.60821668833
Andhra Pradesh,short_term,13,11631.41975308642,0.0,145354.60821668833
Andhra Pradesh,short_term,14,11631.41975308642,0.0,145354.60821668833
Andhra Pradesh,short_term,15,11631.41975308642,0.0,145354.60821668833
Andhra Pradesh,short_term,16,11631.41975308642,0.0,145354.60821668833
Andhra Pradesh,short_term,17,11631.41975308642,0.0,145354.60821668833
Andhra Pradesh,short_term,18,11631.41975308642,0.0,145354.60821668833
Andhra Pradesh,short_term,19,11631.41975308642,0.0,145354.60821668833
Andhra Pradesh,short_term,20,11631.41975308642,0.0,145354.60821668833
Andhra Pradesh,short_term,21,11631.41975308642,0.0,145354.60821668833
Andhra Pradesh,short_term,22,11631.41975308642,0.0,145354.60821668833
Andhra Pradesh,short_term,23,11631.41975308642,0.0,145354.60821668833
Andhra Pradesh,short_term,24,11631.41975308642,0.0,145354.60821668833
Andhra Pradesh,short_term,25,11631.41975308642,0.0,145354.60821668833
Andhra Pradesh,short_term,26,11631.41975308642,0.0,145354.60821668833
Andhra Pradesh,short_term,27,11631.41975308642,0.0,145354.60821668833
Andhra Pradesh,short_term,28,11631.41975308642,0.0,145354.60821668833
Andhra Pradesh,short_term,29,11631.41975308642,0.0,145354.60821668833
Andhra Pradesh,short_term,30,11631.41975308642,0.0,145354.60821668833
Andhra Pradesh,short_term,31,11631.41975308642,0.0,145354.60821668833
Andhra Pradesh,short_term,32,11631.41975308642,0.0,145354.60821668833
Andhra Pradesh,short_term,33,11631.41975308642,0.0,145354.60821668833
Andhra Pradesh,short_term,34,11631.41975308642,0.0,145354.60821668833
Andhra Pradesh,short_term,35,11631.41975308642,0.0,145354.60821668833
Andhra Pradesh,short_term,36,11631.41975308642,0.0,145354.60821668833
Andhra Pradesh,short_term,37,11631.41975308642,0.0,145354.60821668833
Andhra Pradesh,short_term,38,11631.41975308642,0.0,145354.60821668833
Andhra Pradesh,short_term,39,11631.41975308642,0.0,145354.60821668833
Andhra Pradesh,short_term,40,11631.41975308642,0.0,145354.60821668833
Andhra Pradesh,short_term,41,11631.41975308642,0.0,145354.60821668833
Andhra Pradesh,short_term,42,11631.41975308642,0.0,145354.60821668833
Andhra Pradesh,short_term,43,11631.41975308642,0.0,145354.60821668833
Andhra Pradesh,short_term,44,11631.41975308642,0.0,145354.60821668833
Andhra Pradesh,short_term,45,11631.41975308642,0.0,145354.60821668833
Andhra Pradesh,short_term,46,11631.41975308642,0.0,145354.60821668833
Andhra Pradesh,short_term,47,11631.41975308642,0.0,145354.60821668833
Andhra Pradesh,short_term,48,11631.41975308642,0.0,145354.60821668833
Andhra Pradesh,short_term,49,11631.41975308642,0.0,145354.60821668833
Andhra Pradesh,short_term,50,11631.41975308642,0.0,145354.60821668833
Andhra Pradesh,short_term,51,11631.41975308642,0.0,145354.60821668833
Andhra Pradesh,short_term,52,11631.41975308642,0.0,145354.60821668833
Andhra Pradesh,short_term,53,11631.41975308642,0.0,145354.60821668833
Andhra Pradesh,short_term,54,11631.41975308642,0.0,145354.60821668833
Andhra Pradesh,short_term,55,11631.41975308642,0.0,145354.60821668833
Andhra Pradesh,short_term,56,11631.41975308642,0.0,145354.60821668833
Andhra Pradesh,short_term,57,11631.41975308642,0.0,145354.60821668833
Andhra Pradesh,short_term,58,11631.41975308642,0.0,145354.60821668833
Andhra Pradesh,short_term,59,11631.41975308642,0.0,145354.60821668833
Andhra Pradesh,short_term,60,11631.41975308642,0.0,145354.60821668833
Andhra Pradesh,short_term,61,11631.41975308642,0.0,145354.60821668833
Gujarat,short_term,1,10430.609053497943,0.0,133982.60198000498
Gujarat,short_term,2,10430.609053497943,0.0,133982.60198000498
Gujarat,short_term,3,10430.609053497943,0.0,133982.60198000498
Gujarat,short_term,4,10430.609053497943,0.0,133982.60198000498
Gujarat,short_term,5,10430.609053497943,0.0,133982.60198000498
Gujarat,short_term,6,10430.609053497943,0.0,133982.60198000498
Gujarat,short_term,7,10430.609053497943,0.0,133982.60198000498
Gujarat,short_term,8,10430.609053497943,0.0,133982.60198000498
Gujarat,short_term,9,10430.609053497943,0.0,133982.60198000498
Gujarat,short_term,10,10430.609053497943,0.0,133982.60198000498
Gujarat,short_term,11,10430.609053497943,0.0,133982.60198000498
Gujarat,short_term,12,10430.609053497943,0.0,133982.60198000498
Gujarat,short_term,13,10430.609053497943,0.0,133982.60198000498
Gujarat,short_term,14,10430.609053497943,0.0,133982.60198000498
Gujarat,short_term,15,10430.609053497943,0.0,133982.60198000498
Gujarat,short_term,16,10430.609053497943,0.0,133982.60198000498
Gujarat,short_term,17,10430.609053497943,0.0,133982.60198000498
Gujarat,short_term,18,10430.609053497943,0.0,133982.60198000498
Gujarat,short_term,19,10430.609053497943,0.0,133982.60198000498
Gujarat,short_term,20,10430.609053497943,0.0,133982.60198000498
Gujarat,short_term,21,10430.609053497943,0.0,133982.60198000498
Gujarat,short_term,22,10430.609053497943,0.0,133982.60198000498
Gujarat,short_term,23,10430.609053497943,0.0,133982.60198000498
Gujarat,short_term,24,10430.609053497943,0.0,133982.60198000498
Gujarat,short_term,25,10430.609053497943,0.0,133982.60198000498
Gujarat,short_term,26,10430.609053497943,0.0,133982.60198000498
Gujarat,short_term,27,10430.609053497943,0.0,133982.60198000498
Gujarat,short_term,28,10430.609053497943,0.0,133982.60198000498
Gujarat,short_term,29,10430.609053497943,0.0,133982.60198000498
Gujarat,short_term,30,10430.609053497943,0.0,133982.60198000498
Gujarat,short_term,31,10430.609053497943,0.0,133982.60198000498
Gujarat,short_term,32,10430.609053497943,0.0,133982.60198000498
Gujarat,short_term,33,10430.609053497943,0.0,133982.60198000498
Gujarat,short_term,34,10430.609053497943,0.0,133982.60198000498
Gujarat,short_term,35,10430.609053497943,0.0,133982.60198000498
Gujarat,short_term,36,10430.609053497943,0.0,133982.60198000498
Gujarat,short_term,37,10430.609053497943,0.0,133982.60198000498
Gujarat,short_term,38,10430.609053497943,0.0,133982.60198000498
Gujarat,short_term,39,10430.609053497943,0.0,133982.60198000498
Gujarat,short_term,40,10430.609053497943,0.0,133982.60198000498
Gujarat,short_term,41,10430.609053497943,0.0,133982.60198000498
Gujarat,short_term,42,10430.609053497943,0.0,133982.60198000498
Gujarat,short_term,43,10430.609053497943,0.0,133982.60198000498
Gujarat,short_term,44,10430.609053497943,0.0,133982.60198000498
Gujarat,short_term,45,10430.609053497943,0.0,133982.60198000498
Gujarat,short_term,46,10430.609053497943,0.0,133982.60198000498
Gujarat,short_term,47,10430.609053497943,0.0,133982.60198000498
Gujarat,short_term,48,10430.609053497943,0.0,133982.60198000498
Gujarat,short_term,49,10430.609053497943,0.0,133982.60198000498
Gujarat,short_term,50,10430.609053497943,0.0,133982.60198000498
Gujarat,short_term,51,10430.609053497943,0.0,133982.60198000498
Gujarat,short_term,52,10430.609053497943,0.0,133982.60198000498
Gujarat,short_term,53,10430.609053497943,0.0,133982.60198000498
Gujarat,short_term,54,10430.609053497943,0.0,133982.60198000498
Gujarat,short_term,55,10430.609053497943,0.0,133982.60198000498
Gujarat,short_term,56,10430.609053497943,0.0,133982.60198000498
Gujarat,short_term,57,10430.609053497943,0.0,133982.60198000498
Gujarat,short_term,58,10430.609053497943,0.0,133982.60198000498
Gujarat,short_term,59,10430.609053497943,0.0,133982.60198000498
Gujarat,short_term,60,10430.609053497943,0.0,133982.60198000498
Gujarat,short_term,61,10430.609053497943,0.0,133982.60198000498
Karnataka,short_term,1,8350.983539094648,0.0,101969.93571267041
Karnataka,short_term,2,8350.983539094648,0.0,101969.93571267041
Karnataka,short_term,3,8350.983539094648,0.0,101969.93571267041
Karnataka,short_term,4,8350.983539094648,0.0,101969.93571267041
Karnataka,short_term,5,8350.983539094648,0.0,101969.93571267041
Karnataka,short_term,6,8350.983539094648,0.0,101969.93571267041
Karnataka,short_term,7,8350.983539094648,0.0,101969.93571267041
Karnataka,short_term,8,8350.983539094648,0.0,101969.93571267041
Karnataka,short_term,9,8350.983539094648,0.0,101969.93571267041
Karnataka,short_term,10,8350.983539094648,0.0,101969.93571267041
Karnataka,short_term,11,8350.983539094648,0.0,101969.93571267041
Karnataka,short_term,12,8350.983539094648,0.0,101969.93571267041
Karnataka,short_term,13,8350.983539094648,0.0,101969.93571267041
Karnataka,short_term,14,8350.983539094648,0.0,101969.93571267041
Karnataka,short_term,15,8350.983539094648,0.0,101969.93571267041
Karnataka,short_term,16,8350.983539094648,0.0,101969.93571267041
Karnataka,short_term,17,8350.983539094648,0.0,101969.93571267041
Karnataka,short_term,18,8350.983539094648,0.0,101969.93571267041
Karnataka,short_term,19,8350.983539094648,0.0,101969.93571267041
Karnataka,short_term,20,8350.983539094648,0.0,101969.93571267041
Karnataka,short_term,21,8350.983539094648,0.0,101969.93571267041
Karnataka,short_term,22,8350.983539094648,0.0,101969.93571267041
Karnataka,short_term,23,8350.983539094648,0.0,101969.93571267041
Karnataka,short_term,24,8350.983539094648,0.0,101969.93571267041
Karnataka,short_term,25,8350.983539094648,0.0,101969.93571267041
Karnataka,short_term,26,8350.983539094648,0.0,101969.93571267041
Karnataka,short_term,27,8350.983539094648,0.0,101969.93571267041
Karnataka,short_term,28,8350.983539094648,0.0,101969.93571267041
Karnataka,short_term,29,8350.983539094648,0.0,101969.93571267041
Karnataka,short_term,30,8350.983539094648,0.0,101969.93571267041
Karnataka,short_term,31,8350.983539094648,0.0,101969.93571267041
Karnataka,short_term,32,8350.983539094648,0.0,101969.93571267041
Karnataka,short_term,33,8350.983539094648,0.0,101969.93571267041
Karnataka,short_term,34,8350.983539094648,0.0,101969.93571267041
Karnataka,short_term,35,8350.983539094648,0.0,101969.93571267041
Karnataka,short_term,36,8350.983539094648,0.0,101969.93571267041
Karnataka,short_term,37,8350.983539094648,0.0,101969.93571267041
Karnataka,short_term,38,8350.983539094648,0.0,101969.93571267041
Karnataka,short_term,39,8350.983539094648,0.0,101969.93571267041
Karnataka,short_term,40,8350.983539094648,0.0,101969.93571267041
Karnataka,short_term,41,8350.983539094648,0.0,101969.93571267041
Karnataka,short_term,42,8350.983539094648,0.0,101969.93571267041
Karnataka,short_term,43,8350.983539094648,0.0,101969.93571267041
Karnataka,short_term,44,8350.983539094648,0.0,101969.93571267041
Karnataka,short_term,45,8350.983539094648,0.0,101969.93571267041
Karnataka,short_term,46,8350.983539094648,0.0,101969.93571267041
Karnataka,short_term,47,8350.983539094648,0.0,101969.93571267041
Karnataka,short_term,48,8350.983539094648,0.0,101969.93571267041
Karnataka,short_term,49,8350.983539094648,0.0,101969.93571267041
Karnataka,short_term,50,8350.983539094648,0.0,101969.93571267041
Karnataka,short_term,51,8350.983539094648,0.0,101969.93571267041
Karnataka,short_term,52,8350.983539094648,0.0,101969.93571267041
Karnataka,short_term,53,8350.983539094648,0.0,101969.93571267041
Karnataka,short_term,54,8350.983539094648,0.0,101969.93571267041
Karnataka,short_term,55,8350.983539094648,0.0,101969.93571267041
Karnataka,short_term,56,8350.983539094648,0.0,101969.93571267041
Karnataka,short_term,57,8350.983539094648,0.0,101969.93571267041
Karnataka,short_term,58,8350.983539094648,0.0,101969.93571267041
Karnataka,short_term,59,8350.983539094648,0.0,101969.93571267041
Karnataka,short_term,60,8350.983539094648,0.0,101969.93571267041
Karnataka,short_term,61,8350.983539094648,0.0,101969.93571267041
Chhattisgarh,short_term,1,7206.234567901233,0.0,89070.8033567131
Chhattisgarh,short_term,2,7206.234567901233,0.0,89070.8033567131
Chhattisgarh,short_term,3,7206.234567901233,0.0,89070.8033567131
Chhattisgarh,short_term,4,7206.234567901233,0.0,89070.8033567131
Chhattisgarh,short_term,5,7206.234567901233,0.0,89070.8033567131
Chhattisgarh,short_term,6,7206.234567901233,0.0,89070.8033567131
Chhattisgarh,short_term,7,7206.234567901233,0.0,89070.8033567131
Chhattisgarh,short_term,8,7206.234567901233,0.0,89070.8033567131
Chhattisgarh,short_term,9,7206.234567901233,0.0,89070.8033567131
Chhattisgarh,short_term,10,7206.234567901233,0.0,89070.8033567131
Chhattisgarh,short_term,11,7206.234567901233,0.0,89070.8033567131
Chhattisgarh,short_term,12,7206.234567901233,0.0,89070.8033567131
Chhattisgarh,short_term,13,7206.234567901233,0.0,89070.8033567131
Chhattisgarh,short_term,14,7206.234567901233,0.0,89070.8033567131
Chhattisgarh,short_term,15,7206.234567901233,0.0,89070.8033567131
Chhattisgarh,short_term,16,7206.234567901233,0.0,89070.8033567131
Chhattisgarh,short_term,17,7206.234567901233,0.0,89070.8033567131
Chhattisgarh,short_term,18,7206.234567901233,0.0,89070.8033567131
Chhattisgarh,short_term,19,7206.234567901233,0.0,89070.8033567131
Chhattisgarh,short_term,20,7206.234567901233,0.0,89070.8033567131
Chhattisgarh,short_term,21,7206.234567901233,0.0,89070.8033567131
Chhattisgarh,short_term,22,7206.234567901233,0.0,89070.8033567131
Chhattisgarh,short_term,23,7206.234567901233,0.0,89070.8033567131
Chhattisgarh,short_term,24,7206.234567901233,0.0,89070.8033567131
Chhattisgarh,short_term,25,7206.234567901233,0.0,89070.8033567131
Chhattisgarh,short_term,26,7206.234567901233,0.0,89070.8033567131
Chhattisgarh,short_term,27,7206.234567901233,0.0,89070.8033567131
Chhattisgarh,short_term,28,7206.234567901233,0.0,89070.8033567131
Chhattisgarh,short_term,29,7206.234567901233,0.0,89070.8033567131
Chhattisgarh,short_term,30,7206.234567901233,0.0,89070.8033567131
Chhattisgarh,short_term,31,7206.234567901233,0.0,89070.8033567131
Chhattisgarh,short_term,32,7206.234567901233,0.0,89070.8033567131
Chhattisgarh,short_term,33,7206.234567901233,0.0,89070.8033567131
Chhattisgarh,short_term,34,7206.234567901233,0.0,89070.8033567131
Chhattisgarh,short_term,35,7206.234567901233,0.0,89070.8033567131
Chhattisgarh,short_term,36,7206.234567901233,0.0,89070.8033567131
Chhattisgarh,short_term,37,7206.234567901233,0.0,89070.8033567131
Chhattisgarh,short_term,38,7206.234567901233,0.0,89070.8033567131
Chhattisgarh,short_term,39,7206.234567901233,0.0,89070.8033567131
Chhattisgarh,short_term,40,7206.234567901233,0.0,89070.8033567131
Chhattisgarh,short_term,41,7206.234567901233,0.0,89070.8033567131
Chhattisgarh,short_term,42,7206.234567901233,0.0,89070.8033567131
Chhattisgarh,short_term,43,7206.234567901233,0.0,89070.8033567131
Chhattisgarh,short_term,44,7206.234567901233,0.0,89070.8033567131
Chhattisgarh,short_term,45,7206.234567901233,0.0,89070.8033567131
Chhattisgarh,short_term,46,7206.234567901233,0.0,89070.8033567131
Chhattisgarh,short_term,47,7206.234567901233,0.0,89070.8033567131
Chhattisgarh,short_term,48,7206.234567901233,0.0,89070.8033567131
Chhattisgarh,short_term,49,7206.234567901233,0.0,89070.8033567131
Chhattisgarh,short_term,50,7206.234567901233,0.0,89070.8033567131
Chhattisgarh,short_term,51,7206.234567901233,0.0,89070.8033567131
Chhattisgarh,short_term,52,7206.234567901233,0.0,89070.8033567131
Chhattisgarh,short_term,53,7206.234567901233,0.0,89070.8033567131
Chhattisgarh,short_term,54,7206.234567901233,0.0,89070.8033567131
Chhattisgarh,short_term,55,7206.234567901233,0.0,89070.8033567131
Chhattisgarh,short_term,56,7206.234567901233,0.0,89070.8033567131
Chhattisgarh,short_term,57,7206.234567901233,0.0,89070.8033567131
Chhattisgarh,short_term,58,7206.234567901233,0.0,89070.8033567131
Chhattisgarh,short_term,59,7206.234567901233,0.0,89070.8033567131
Chhattisgarh,short_term,60,7206.234567901233,0.0,89070.8033567131
Chhattisgarh,short_term,61,7206.234567901233,0.0,89070.8033567131
